State,URL,Primary Statute/Framework,Official Source,Current Accuracy Status,Template Similarity Risk,Unique Content Opportunities,Missing Information,Required Legal Review,SEO Intent,Recommended Action,Priority
Alabama,https://www.myhoaappeal.com/appeal-hoa-fine/alabama,"Alabama Uniform Condominium Act. SEO blurb: Alabama Uniform Condominium Act (Ala. Code § 35-8A) and community association statutes govern HOA notice, fines, and owner appeal rights",https://alisondb.legislature.state.al.us/alison/codeofalabama/1975/coatoc.htm,Material overstatement or in-repo contradiction,Medium — identical section order and letter tool; little or no expansion padding,"Gulf Coast humidity, pine straw landscaping, and coastal storm prep","2 of 4 sources have no URL; Statute objects have citation text only, not section URLs; Profile hasStatutoryHearingRight is false; SEO notice hook uses mandatory language",Yes,"Mixed: generate a Alabama HOA fine appeal letter, and understand Alabama association rules",REWRITE,High
Alaska,https://www.myhoaappeal.com/appeal-hoa-fine/alaska,"Alaska Uniform Condominium Act. SEO blurb: Alaska Common Interest Ownership Act (AS 34.08) regulates HOA assessments, fines, and owner dispute procedures",https://www.akleg.gov/basis/statutes.asp#34.08,Material overstatement or in-repo contradiction,High — shared expansion sentences plus identical section order,"Arctic and subarctic conditions, permafrost, extreme cold, snow and ice management","3 of 4 sources have no URL; Statute objects have citation text only, not section URLs; SEO notice hook uses mandatory language",Yes,"Mixed: generate a Alaska HOA fine appeal letter, and understand Alaska association rules",REWRITE,High
Arizona,https://www.myhoaappeal.com/appeal-hoa-fine/arizona,"Arizona Planned Communities Act. SEO blurb: Arizona Revised Statutes Title 33, Chapter 16 regulates HOA assessments and fines",https://www.azleg.gov/ars/33/,Material overstatement or in-repo contradiction,High — shared expansion sentences plus identical section order,"Sonoran Desert climate, xeriscape landscaping, and municipal water conservation rules","2 of 4 sources have no URL; Statute objects have citation text only, not section URLs; SEO notice hook uses mandatory language",Yes,"Mixed: generate a Arizona HOA fine appeal letter, and understand Arizona association rules",REWRITE,High
Arkansas,https://www.myhoaappeal.com/appeal-hoa-fine/arkansas,Arkansas Horizontal Property Act. SEO blurb: Arkansas Horizontal Property Act and property owners' association statutes govern HOA enforcement and fine procedures,https://www.arkleg.state.ar.us/ArkansasCode/Sections/Index?code=18&chapter=13,Unverified — manual legal review,High — shared expansion sentences plus identical section order,"Ozark foothills terrain, mixed hardwood-pine forests, and steep driveway access","3 of 4 sources have no URL; Statute objects have citation text only, not section URLs; Profile hasStatutoryHearingRight is false; No notice hook",Yes,"Mixed: generate a Arkansas HOA fine appeal letter, and understand Arkansas association rules",REWRITE,Low
California,https://www.myhoaappeal.com/appeal-hoa-fine/california,Davis-Stirling Common Interest Development Act. SEO blurb: California Civil Code Sections 5850-5980 govern HOA fine and dispute procedures,https://leginfo.legislature.ca.gov/faces/codes_displaySection.xhtml?lawCode=CIV&sectionNum=5850,Partly consistent with official text; qualifications missing,High — shared expansion sentences plus identical section order,"Wildfire-prone landscapes, defensible space requirements, and coastal-to-desert climate diversity","3 of 5 sources have no URL; Statute objects have citation text only, not section URLs; SEO notice hook uses mandatory language",Yes,"Mixed: generate a California HOA fine appeal letter, and understand California association rules",REWRITE,High
Colorado,https://www.myhoaappeal.com/appeal-hoa-fine/colorado,"Colorado Common Interest Ownership Act (CCIOA). SEO blurb: Colorado Common Interest Ownership Act (C.R.S. Title 38, Article 33) governs HOA enforcement",https://leg.colorado.gov/colorado-revised-statutes,Material overstatement or in-repo contradiction,High — shared expansion sentences plus identical section order,"High-altitude mountain communities with heavy snowfall, steep driveways, and seasonal tourism traffic","3 of 4 sources have no URL; Statute objects have citation text only, not section URLs; Profile hasStatutoryHearingRight is false; SEO notice hook uses mandatory language",Yes,"Mixed: generate a Colorado HOA fine appeal letter, and understand Colorado association rules",REWRITE,High
Connecticut,https://www.myhoaappeal.com/appeal-hoa-fine/connecticut,Connecticut Common Interest Ownership Act. SEO blurb: Connecticut Common Interest Ownership Act (Conn. Gen. Stat. Chapter 828) governs HOA fines and owner protections,https://www.cga.ct.gov/current/pub/chap_828.htm,Unverified — manual legal review,High — shared expansion sentences plus identical section order,"New England winters with heavy snow, ice dams, and coastal salt exposure along Long Island Sound","3 of 4 sources have no URL; Statute objects have citation text only, not section URLs; Profile hasStatutoryHearingRight is false; No notice hook",Yes,"Mixed: generate a Connecticut HOA fine appeal letter, and understand Connecticut association rules",REWRITE,Low
Delaware,https://www.myhoaappeal.com/appeal-hoa-fine/delaware,Delaware Uniform Common Interest Ownership Act. SEO blurb: Delaware Uniform Common Interest Ownership Act (25 Del. C. Chapter 38) regulates HOA assessments and enforcement,https://delcode.delaware.gov/title25/c038/,Unverified — manual legal review,High — shared expansion sentences plus identical section order,"Delaware's coastal and canal-front communities with salt air, flood zones, and seasonal owner occupancy","3 of 4 sources have no URL; Statute objects have citation text only, not section URLs; Profile hasStatutoryHearingRight is false; No notice hook",Yes,"Mixed: generate a Delaware HOA fine appeal letter, and understand Delaware association rules",REWRITE,Low
Florida,https://www.myhoaappeal.com/appeal-hoa-fine/florida,Florida HOA Act (Chapter 720). SEO blurb: Florida Statutes Chapter 720 governs fine notification rules,http://www.leg.state.fl.us/statutes/index.cfm?App_mode=Display_Statute&URL=0700-0799/0720/0720ContentsIndex.html,Partly consistent with official text; qualifications missing,High — shared expansion sentences plus identical section order,"Hurricane-prone peninsula with strict shutter rules, tropical landscaping standards, and year-round humidity","3 of 5 sources have no URL; Statute objects have citation text only, not section URLs; SEO notice hook uses mandatory language",Yes,"Mixed: generate a Florida HOA fine appeal letter, and understand Florida association rules",REWRITE,High
Georgia,https://www.myhoaappeal.com/appeal-hoa-fine/georgia,Georgia Property Owners' Association Act. SEO blurb: Georgia Property Owners' Association Act (O.C.G.A. § 44-3-220 et seq.) governs HOA enforcement,https://law.justia.com/codes/georgia/title-44/chapter-3/,Unverified — manual legal review,High — shared expansion sentences plus identical section order,"Red clay soil staining, humid summers, and sprawling metro Atlanta subdivisions with strict covenant enforcement","3 of 4 sources have no URL; Statute objects have citation text only, not section URLs; Profile hasStatutoryHearingRight is false; SEO notice hook uses mandatory language",Yes,"Mixed: generate a Georgia HOA fine appeal letter, and understand Georgia association rules",REWRITE,Medium
Hawaii,https://www.myhoaappeal.com/appeal-hoa-fine/hawaii,Hawaii Condominium Property Regimes and Planned Community Acts. SEO blurb: Hawaii Condominium Property Regimes and planned community statutes govern HOA fines and owner appeal rights,https://www.capitol.hawaii.gov/hrscurrent/Vol12_Ch0664-0714/HRS0514A/,Unverified — manual legal review,High — shared expansion sentences plus identical section order,"Tropical climate with trade-wind landscaping, volcanic soil, and unique condo/planned community hybrid governance","3 of 4 sources have no URL; Statute objects have citation text only, not section URLs; Profile hasStatutoryHearingRight is false; No notice hook",Yes,"Mixed: generate a Hawaii HOA fine appeal letter, and understand Hawaii association rules",REWRITE,Low
Idaho,https://www.myhoaappeal.com/appeal-hoa-fine/idaho,"Idaho Condominium Property Act. SEO blurb: Idaho Condominium Property Act (Idaho Code Title 55, Chapter 15) regulates common interest community fines and procedures",https://legislature.idaho.gov/statutesrules/idstat/title55/t55ch15/,Unverified — manual legal review,High — shared expansion sentences plus identical section order,"Wildland-urban interface fire zones, high-desert climate, and rapid Boise-area suburban growth","3 of 4 sources have no URL; Statute objects have citation text only, not section URLs; Profile hasStatutoryHearingRight is false; No notice hook",Yes,"Mixed: generate a Idaho HOA fine appeal letter, and understand Idaho association rules",REWRITE,Low
Illinois,https://www.myhoaappeal.com/appeal-hoa-fine/illinois,Illinois Condominium Property Act and CICAA. SEO blurb: Illinois Condominium Property Act and Common Interest Community Association Act regulate HOA fines,https://www.ilga.gov/legislation/ilcs/ilcs5.asp?ActID=2253,Unverified — manual legal review,High — shared expansion sentences plus identical section order,"Chicago-area winters with ice dams and snow removal, plus dual statutory framework for condos and planned communities","3 of 5 sources have no URL; Statute objects have citation text only, not section URLs; Profile hasStatutoryHearingRight is false; SEO notice hook uses mandatory language",Yes,"Mixed: generate a Illinois HOA fine appeal letter, and understand Illinois association rules",REWRITE,Medium
Indiana,https://www.myhoaappeal.com/appeal-hoa-fine/indiana,"Indiana HOA Act. SEO blurb: Indiana Homeowners Association Act (Ind. Code Title 32, Article 25.5) governs HOA assessments and enforcement",https://iga.in.gov/,Unverified — manual legal review,High — shared expansion sentences plus identical section order,"Indiana's humid continental climate and sprawling suburban subdivisions around Indianapolis, Fort Wayne, and the Lake Michigan shore","3 of 4 sources have no URL; Statute objects have citation text only, not section URLs; Profile hasStatutoryHearingRight is false; No notice hook",Yes,"Mixed: generate a Indiana HOA fine appeal letter, and understand Indiana association rules",REWRITE,Low
Iowa,https://www.myhoaappeal.com/appeal-hoa-fine/iowa,Iowa Horizontal Property Act. SEO blurb: Iowa Uniform Common Interest Ownership Act (Iowa Code Chapter 499B) governs HOA fines and owner rights,https://www.legis.iowa.gov/,Unverified — manual legal review,High — shared expansion sentences plus identical section order,"Iowa's tornado-prone spring seasons, open prairie wind exposure, and mix of Des Moines metro subdivisions with rural acreage associations","3 of 4 sources have no URL; Statute objects have citation text only, not section URLs; Profile hasStatutoryHearingRight is false; No notice hook",Yes,"Mixed: generate a Iowa HOA fine appeal letter, and understand Iowa association rules",REWRITE,Low
Kansas,https://www.myhoaappeal.com/appeal-hoa-fine/kansas,"Kansas Horizontal Property Act. SEO blurb: Kansas Uniform Common Interest Ownership Act (K.S.A. Chapter 58, Article 46) regulates HOA assessments and fines",https://www.kslegislature.gov/,Unverified — manual legal review,High — shared expansion sentences plus identical section order,"Kansas prairie wind, hail corridors, and subdivisions from Wichita suburbs to Kansas City edges","3 of 4 sources have no URL; Statute objects have citation text only, not section URLs; Profile hasStatutoryHearingRight is false; No notice hook",Yes,"Mixed: generate a Kansas HOA fine appeal letter, and understand Kansas association rules",REWRITE,Low
Kentucky,https://www.myhoaappeal.com/appeal-hoa-fine/kentucky,Kentucky Condominium and POA Acts. SEO blurb: Kentucky Condominium Act and property owners' association statutes govern HOA notice and fine procedures,https://apps.legislature.ky.gov/,Unverified — manual legal review,High — shared expansion sentences plus identical section order,"Kentucky's horse-country fence traditions, Bluegrass pasture views, and Louisville-Lexington suburban covenants","3 of 4 sources have no URL; Statute objects have citation text only, not section URLs; Profile hasStatutoryHearingRight is false; No notice hook",Yes,"Mixed: generate a Kentucky HOA fine appeal letter, and understand Kentucky association rules",REWRITE,Low
Louisiana,https://www.myhoaappeal.com/appeal-hoa-fine/louisiana,"Louisiana Condominium Act. SEO blurb: Louisiana Uniform Condominium Act (La. R.S. Title 9, Chapter 9) governs HOA enforcement and owner protections",https://www.legis.la.gov/,Unverified — manual legal review,High — shared expansion sentences plus identical section order,"Louisiana hurricane exposure, Gulf Coast flooding, French-influenced parish subdivisions, and FEMA flood-zone overlays","3 of 4 sources have no URL; Statute objects have citation text only, not section URLs; Profile hasStatutoryHearingRight is false; No notice hook",Yes,"Mixed: generate a Louisiana HOA fine appeal letter, and understand Louisiana association rules",REWRITE,Low
Maine,https://www.myhoaappeal.com/appeal-hoa-fine/maine,Maine Unit Ownership Act. SEO blurb: Maine Condominium Act (33 M.R.S. Chapter 31) and HOA statutes regulate fine procedures and owner appeal rights,https://legislature.maine.gov/,Unverified — manual legal review,High — shared expansion sentences plus identical section order,"Maine coastal nor'easters, heavy snow and ice roof loads, seasonal camps, and Portland-to-Bar Harbor condo conversions","3 of 4 sources have no URL; Statute objects have citation text only, not section URLs; Profile hasStatutoryHearingRight is false; No notice hook",Yes,"Mixed: generate a Maine HOA fine appeal letter, and understand Maine association rules",REWRITE,Low
Maryland,https://www.myhoaappeal.com/appeal-hoa-fine/maryland,"Maryland HOA Act. SEO blurb: Maryland Homeowners Association Act (Md. Code, Real Property Title 11, Subtitle 3) governs HOA fines and notice requirements",https://mgaleg.maryland.gov/,Unverified — manual legal review,High — shared expansion sentences plus identical section order,"Chesapeake Bay watershed runoff rules, Montgomery County dense suburbs, and Eastern Shore septic-sensitive communities","3 of 4 sources have no URL; Statute objects have citation text only, not section URLs; Profile hasStatutoryHearingRight is false; SEO notice hook uses mandatory language",Yes,"Mixed: generate a Maryland HOA fine appeal letter, and understand Maryland association rules",REWRITE,Medium
Massachusetts,https://www.myhoaappeal.com/appeal-hoa-fine/massachusetts,Massachusetts Condominium Act. SEO blurb: Massachusetts Condominium Act (M.G.L. c. 183A) and planned community statutes govern HOA assessments and enforcement,https://malegislature.gov/,Unverified — manual legal review,High — shared expansion sentences plus identical section order,"Massachusetts historic districts, Boston metro condo towers, Cape Cod seasonal associations, and New England freeze-thaw maintenance","3 of 4 sources have no URL; Statute objects have citation text only, not section URLs; Profile hasStatutoryHearingRight is false; No notice hook",Yes,"Mixed: generate a Massachusetts HOA fine appeal letter, and understand Massachusetts association rules",REWRITE,Low
Michigan,https://www.myhoaappeal.com/appeal-hoa-fine/michigan,Michigan Condominium Act. SEO blurb: Michigan Condominium Act and HOA statutes require reasonable fine procedures,https://www.legislature.mi.gov/,Unverified — manual legal review,High — shared expansion sentences plus identical section order,"Michigan lake-effect snow belts, Great Lakes shoreline communities, Detroit suburbs, and Upper Peninsula seasonal camps","3 of 4 sources have no URL; Statute objects have citation text only, not section URLs; Profile hasStatutoryHearingRight is false; SEO notice hook uses mandatory language",Yes,"Mixed: generate a Michigan HOA fine appeal letter, and understand Michigan association rules",REWRITE,Medium
Minnesota,https://www.myhoaappeal.com/appeal-hoa-fine/minnesota,Minnesota Common Interest Ownership Act. SEO blurb: Minnesota Common Interest Ownership Act (Minn. Stat. Chapter 515B) governs HOA fines and owner dispute rights,https://www.revisor.mn.gov/,Unverified — manual legal review,High — shared expansion sentences plus identical section order,"Minnesota ice dams, polar vortex winters, Twin Cities managed communities, and lake-country cabin associations","3 of 4 sources have no URL; Statute objects have citation text only, not section URLs; Profile hasStatutoryHearingRight is false; No notice hook",Yes,"Mixed: generate a Minnesota HOA fine appeal letter, and understand Minnesota association rules",REWRITE,Low
Mississippi,https://www.myhoaappeal.com/appeal-hoa-fine/mississippi,"Mississippi Condominium Law. SEO blurb: Mississippi Condominium Law (Miss. Code Title 89, Chapter 8) regulates HOA assessments and enforcement",https://www.legislature.ms.gov/,Unverified — manual legal review,High — shared expansion sentences plus identical section order,"Mississippi Gulf Coast humidity, hurricane recovery zones, Jackson metro subdivisions, and Delta agricultural edge communities","3 of 4 sources have no URL; Statute objects have citation text only, not section URLs; Profile hasStatutoryHearingRight is false; No notice hook",Yes,"Mixed: generate a Mississippi HOA fine appeal letter, and understand Mississippi association rules",REWRITE,Low
Missouri,https://www.myhoaappeal.com/appeal-hoa-fine/missouri,Missouri Condominium Property Act. SEO blurb: Missouri Condominium Property Act and horizontal property statutes govern HOA fine procedures,https://revisor.mo.gov/,Unverified — manual legal review,High — shared expansion sentences plus identical section order,"Missouri tornado alley exposure, Ozark lake communities, St. Louis and Kansas City suburbs, and Show-Me State covenant enforcement","3 of 4 sources have no URL; Statute objects have citation text only, not section URLs; Profile hasStatutoryHearingRight is false; No notice hook",Yes,"Mixed: generate a Missouri HOA fine appeal letter, and understand Missouri association rules",REWRITE,Low
Montana,https://www.myhoaappeal.com/appeal-hoa-fine/montana,Montana Unit Ownership Act. SEO blurb: Montana Unit Ownership Act and condominium statutes regulate HOA assessments and owner appeal rights,https://leg.mt.gov/bills/mca/title_0700/chapter_0230/parts_index.html,Unverified — manual legal review,High — shared expansion sentences plus identical section order,"montane wildfire corridors, high-elevation subdivisions, and forest-edge HOA communities across western Montana","2 of 4 sources have no URL; Statute objects have citation text only, not section URLs; Profile hasStatutoryHearingRight is false; No notice hook",Yes,"Mixed: generate a Montana HOA fine appeal letter, and understand Montana association rules",REWRITE,Low
Nebraska,https://www.myhoaappeal.com/appeal-hoa-fine/nebraska,"Nebraska Condominium Act. SEO blurb: Nebraska Condominium Act (Neb. Rev. Stat. Chapter 76, Article 8) governs common interest community fines and procedures",https://nebraskalegislature.gov/laws/browse-chapters.php?chapter=76,Unverified — manual legal review,High — shared expansion sentences plus identical section order,"Great Plains hail corridors, Omaha-Lincoln suburban HOAs, and agricultural wind exposure across Nebraska subdivisions","2 of 4 sources have no URL; Statute objects have citation text only, not section URLs; Profile hasStatutoryHearingRight is false; No notice hook",Yes,"Mixed: generate a Nebraska HOA fine appeal letter, and understand Nebraska association rules",REWRITE,Low
Nevada,https://www.myhoaappeal.com/appeal-hoa-fine/nevada,Nevada Common-Interest Communities statute. SEO blurb: Nevada Revised Statutes Chapter 116 requires written notice before HOA fines,https://www.leg.state.nv.us/NRS/NRS-116.html,Unverified — manual legal review,High — shared expansion sentences plus identical section order,"Mojave desert xeriscape mandates, Las Vegas Valley master-planned communities, and extreme heat landscaping rules","2 of 4 sources have no URL; Statute objects have citation text only, not section URLs; SEO notice hook uses mandatory language",Yes,"Mixed: generate a Nevada HOA fine appeal letter, and understand Nevada association rules",REWRITE,Medium
New Hampshire,https://www.myhoaappeal.com/appeal-hoa-fine/new-hampshire,"New Hampshire Condominium Act. SEO blurb: New Hampshire Condominium Act (RSA 356-B) governs HOA assessments, fines, and owner protections",https://www.gencourt.state.nh.us/rsa/html/NHTOC/NHTOC-356-B.htm,Unverified — manual legal review,High — shared expansion sentences plus identical section order,"northern New England snow removal duties, ice-dam seasons, and lakes-region seasonal HOA communities","3 of 4 sources have no URL; Statute objects have citation text only, not section URLs; Profile hasStatutoryHearingRight is false; No notice hook",Yes,"Mixed: generate a New Hampshire HOA fine appeal letter, and understand New Hampshire association rules",REWRITE,Low
New Jersey,https://www.myhoaappeal.com/appeal-hoa-fine/new-jersey,New Jersey Condominium Act and PREDA. SEO blurb: New Jersey Condominium Act and Planned Real Estate Development Act govern HOA fines,https://www.njleg.state.nj.us/statutes/statutes.asp,Unverified — manual legal review,High — shared expansion sentences plus identical section order,"dense suburban common-interest communities, Bergen and Middlesex townships, and strict architectural uniformity near NYC corridors","2 of 4 sources have no URL; Statute objects have citation text only, not section URLs; Profile hasStatutoryHearingRight is false; SEO notice hook uses mandatory language",Yes,"Mixed: generate a New Jersey HOA fine appeal letter, and understand New Jersey association rules",REWRITE,Medium
New Mexico,https://www.myhoaappeal.com/appeal-hoa-fine/new-mexico,"New Mexico Condominium Act. SEO blurb: New Mexico Condominium Act (NMSA Chapter 47, Article 7) regulates HOA enforcement and fine procedures",https://www.nmlegis.gov/Legislation/NMSA,Unverified — manual legal review,High — shared expansion sentences plus identical section order,"adobe and stucco architecture in high-desert subdivisions, acequia-adjacent water rights, and Santa Fe–Albuquerque HOA enforcement","3 of 4 sources have no URL; Statute objects have citation text only, not section URLs; Profile hasStatutoryHearingRight is false; No notice hook",Yes,"Mixed: generate a New Mexico HOA fine appeal letter, and understand New Mexico association rules",REWRITE,Low
New York,https://www.myhoaappeal.com/appeal-hoa-fine/new-york,New York Condominium Act (RPL Article 9-B). SEO blurb: New York Real Property Law Article 9-B governs cooperative and HOA governance,https://www.nysenate.gov/legislation/laws/RPP,Material overstatement or in-repo contradiction,High — shared expansion sentences plus identical section order,"co-op versus condominium distinctions in downstate housing, Westchester and Long Island suburban HOAs, and NYC-adjacent enforcement density","2 of 4 sources have no URL; Statute objects have citation text only, not section URLs; Profile hasStatutoryHearingRight is false; SEO notice hook uses mandatory language",Yes,"Mixed: generate a New York HOA fine appeal letter, and understand New York association rules",REWRITE,High
North Carolina,https://www.myhoaappeal.com/appeal-hoa-fine/north-carolina,North Carolina Condominium and Planned Community Acts. SEO blurb: North Carolina General Statutes Chapter 47F and 47C establish HOA owner protections,https://www.ncleg.gov/Laws/GeneralStatuteSections/Chapter47C,Unverified — manual legal review,High — shared expansion sentences plus identical section order,"coastal hurricane preparedness, Wilmington and Outer Banks storm shutters, and Charlotte-area suburban covenant communities","2 of 4 sources have no URL; Statute objects have citation text only, not section URLs; Profile hasStatutoryHearingRight is false; SEO notice hook uses mandatory language",Yes,"Mixed: generate a North Carolina HOA fine appeal letter, and understand North Carolina association rules",REWRITE,Medium
North Dakota,https://www.myhoaappeal.com/appeal-hoa-fine/north-dakota,North Dakota Condominium Act. SEO blurb: North Dakota Condominium Act (N.D.C.C. Chapter 47-04.1) governs HOA assessments and enforcement,https://www.ndlegis.gov/general-information/north-dakota-century-code,Unverified — manual legal review,High — shared expansion sentences plus identical section order,"extreme cold prairie subdivisions, frost-heave driveway damage, and oil-patch workforce housing associations","3 of 4 sources have no URL; Statute objects have citation text only, not section URLs; Profile hasStatutoryHearingRight is false; No notice hook",Yes,"Mixed: generate a North Dakota HOA fine appeal letter, and understand North Dakota association rules",REWRITE,Low
Ohio,https://www.myhoaappeal.com/appeal-hoa-fine/ohio,Ohio Planned Community Law. SEO blurb: Ohio Revised Code Chapter 5312 governs planned community associations,https://codes.ohio.gov/ohio-revised-code/chapter-5312,Unverified — manual legal review,High — shared expansion sentences plus identical section order,"Midwest four-season subdivisions around Columbus, Cleveland, and Cincinnati with lake-effect snow and summer storm cleanup","3 of 4 sources have no URL; Statute objects have citation text only, not section URLs; Profile hasStatutoryHearingRight is false; SEO notice hook uses mandatory language",Yes,"Mixed: generate a Ohio HOA fine appeal letter, and understand Ohio association rules",REWRITE,Medium
Oklahoma,https://www.myhoaappeal.com/appeal-hoa-fine/oklahoma,Oklahoma Real Estate Development Act. SEO blurb: Oklahoma Real Estate Development Act and property owners' association statutes govern HOA fines,http://www.oklegislature.gov/osStatuesTitle.aspx,Unverified — manual legal review,High — shared expansion sentences plus identical section order,"tornado-prone central Oklahoma subdivisions, storm shelter access rules, and OKC-metro covenant communities","2 of 4 sources have no URL; Statute objects have citation text only, not section URLs; Profile hasStatutoryHearingRight is false; No notice hook",Yes,"Mixed: generate a Oklahoma HOA fine appeal letter, and understand Oklahoma association rules",REWRITE,Low
Oregon,https://www.myhoaappeal.com/appeal-hoa-fine/oregon,"Oregon Planned Community Act. SEO blurb: Oregon Planned Community Act (ORS Chapter 94) regulates HOA assessments, fines, and owner appeal rights",https://www.oregonlegislature.gov/bills_laws/ors/ors094.html,Unverified — manual legal review,High — shared expansion sentences plus identical section order,"Willamette Valley and coastal rain exposure, moss and gutter maintenance, Portland-metro planned communities","3 of 4 sources have no URL; Statute objects have citation text only, not section URLs; Profile hasStatutoryHearingRight is false; SEO notice hook uses mandatory language",Yes,"Mixed: generate a Oregon HOA fine appeal letter, and understand Oregon association rules",REWRITE,Medium
Pennsylvania,https://www.myhoaappeal.com/appeal-hoa-fine/pennsylvania,Pennsylvania Uniform Planned Community Act. SEO blurb: Pennsylvania Uniform Planned Community Act regulates HOA assessments and enforcement,https://www.legis.state.pa.us/cfdocs/legis/LI/consCheck.cfm?txtType=HTM&ttl=68,Unverified — manual legal review,High — shared expansion sentences plus identical section order,"Philadelphia suburban townships, Poconos lake communities, and four-season snow shoveling on sidewalks and driveways","3 of 4 sources have no URL; Statute objects have citation text only, not section URLs; Profile hasStatutoryHearingRight is false; SEO notice hook uses mandatory language",Yes,"Mixed: generate a Pennsylvania HOA fine appeal letter, and understand Pennsylvania association rules",REWRITE,Medium
Rhode Island,https://www.myhoaappeal.com/appeal-hoa-fine/rhode-island,Rhode Island Condominium Act. SEO blurb: Rhode Island Condominium Act (R.I. Gen. Laws Chapter 34-36) governs HOA fine procedures and owner rights,https://webserver.rilegislature.gov/Statutes/TITLE34/34-36/INDEX.htm,Unverified — manual legal review,High — shared expansion sentences plus identical section order,"coastal New England salt air, hurricane exposure, and tight lot lines in Narragansett Bay communities","Source URLs present; Statute objects have citation text only, not section URLs; Profile hasStatutoryHearingRight is false; No notice hook",Yes,"Mixed: generate a Rhode Island HOA fine appeal letter, and understand Rhode Island association rules",REWRITE,Low
South Carolina,https://www.myhoaappeal.com/appeal-hoa-fine/south-carolina,South Carolina Horizontal Property Act. SEO blurb: South Carolina Horizontal Property Act and property owners' association statutes govern HOA enforcement,https://www.scstatehouse.gov/code/t27c031.php,Unverified — manual legal review,High — shared expansion sentences plus identical section order,"Lowcountry humidity, palmetto landscaping traditions, and hurricane-ready coastal communities","Source URLs present; Statute objects have citation text only, not section URLs; Profile hasStatutoryHearingRight is false; No notice hook",Yes,"Mixed: generate a South Carolina HOA fine appeal letter, and understand South Carolina association rules",REWRITE,Low
South Dakota,https://www.myhoaappeal.com/appeal-hoa-fine/south-dakota,South Dakota Condominium Act. SEO blurb: South Dakota Condominium Act (SDCL Chapter 43-15A) regulates HOA assessments and fine procedures,https://sdlegislature.gov/Statutes/Codified_Laws/2043215A,Unverified — manual legal review,High — shared expansion sentences plus identical section order,"Plains blizzards, extreme winter wind chill, and rural common-interest developments across the Black Hills and eastern prairie","Source URLs present; Statute objects have citation text only, not section URLs; Profile hasStatutoryHearingRight is false; No notice hook",Yes,"Mixed: generate a South Dakota HOA fine appeal letter, and understand South Dakota association rules",REWRITE,Low
Tennessee,https://www.myhoaappeal.com/appeal-hoa-fine/tennessee,Tennessee Horizontal Property Act. SEO blurb: Tennessee Horizontal Property Act and property owners' association statutes govern HOA fines and notice requirements,https://www.tn.gov/content/tn/tesla/tennessee-code.html,Unverified — manual legal review,High — shared expansion sentences plus identical section order,"Smoky Mountain terrain, steep-lot drainage, and resort communities around Gatlinburg, Pigeon Forge, and Nashville suburbs","Source URLs present; Statute objects have citation text only, not section URLs; Profile hasStatutoryHearingRight is false; SEO notice hook uses mandatory language",Yes,"Mixed: generate a Tennessee HOA fine appeal letter, and understand Tennessee association rules",REWRITE,Medium
Texas,https://www.myhoaappeal.com/appeal-hoa-fine/texas,Texas Property Code Chapter 209. SEO blurb: Texas Property Code Section 209 mandates a 30-day notice period before fines,https://statutes.capitol.texas.gov/Docs/PR/htm/PR.209.htm,Material overstatement or in-repo contradiction,High — shared expansion sentences plus identical section order,"Suburban master-planned communities, intense summer heat, and Property Code fine procedures with statewide 30-day cure expectations","1 of 4 sources have no URL; Statute objects have citation text only, not section URLs; SEO notice hook uses mandatory language",Yes,"Mixed: generate a Texas HOA fine appeal letter, and understand Texas association rules",REWRITE,High
Utah,https://www.myhoaappeal.com/appeal-hoa-fine/utah,"Utah Community Association Act. SEO blurb: Utah Community Association Act (Utah Code Title 57, Chapter 8a) governs HOA assessments, fines, and owner appeal rights",https://le.utah.gov/xcode/Title57/Chapter8a/57-8a.html,Unverified — manual legal review,High — shared expansion sentences plus identical section order,"Wasatch Front snow loads, desert water conservation, and mountain resort associations from Park City to St. George","Source URLs present; Statute objects have citation text only, not section URLs; Profile hasStatutoryHearingRight is false; SEO notice hook uses mandatory language",Yes,"Mixed: generate a Utah HOA fine appeal letter, and understand Utah association rules",REWRITE,Medium
Vermont,https://www.myhoaappeal.com/appeal-hoa-fine/vermont,Vermont Common Interest Ownership Act. SEO blurb: Vermont Common Interest Ownership Act (27 V.S.A. Chapter 33) regulates HOA fines and owner protections,https://legislature.vermont.gov/statutes/title/27,Unverified — manual legal review,High — shared expansion sentences plus identical section order,"mud season road damage, harsh freeze-thaw cycles, and village-scale associations across the Green Mountains","Source URLs present; Statute objects have citation text only, not section URLs; Profile hasStatutoryHearingRight is false; No notice hook",Yes,"Mixed: generate a Vermont HOA fine appeal letter, and understand Vermont association rules",REWRITE,Low
Virginia,https://www.myhoaappeal.com/appeal-hoa-fine/virginia,Virginia Property Owners' Association Act. SEO blurb: Virginia Property Owners' Association Act (Va. Code § 55.1-1800) sets HOA notice requirements,https://law.lis.virginia.gov/vacode/title55.1/chapter18/,Partly consistent with official text; qualifications missing,High — shared expansion sentences plus identical section order,"Colonial and Federal architectural standards, historic district adjacency, and DC-suburb covenant enforcement","1 of 4 sources have no URL; Statute objects have citation text only, not section URLs; Profile hasStatutoryHearingRight is false; SEO notice hook uses mandatory language",Yes,"Mixed: generate a Virginia HOA fine appeal letter, and understand Virginia association rules",REWRITE,High
Washington,https://www.myhoaappeal.com/appeal-hoa-fine/washington,Washington Uniform Common Interest Ownership Act. SEO blurb: Washington Uniform Common Interest Ownership Act (RCW 64.90) governs HOA fines,https://app.leg.wa.gov/rcw/default.aspx?cite=64.90,Unverified — manual legal review,High — shared expansion sentences plus identical section order,"Pacific Northwest rain saturation, moss growth on roofs, and evergreen communities from Seattle suburbs to Olympic Peninsula","Source URLs present; Statute objects have citation text only, not section URLs; Profile hasStatutoryHearingRight is false; SEO notice hook uses mandatory language",Yes,"Mixed: generate a Washington HOA fine appeal letter, and understand Washington association rules",REWRITE,Medium
West Virginia,https://www.myhoaappeal.com/appeal-hoa-fine/west-virginia,West Virginia Unit Property Act. SEO blurb: West Virginia Unit Property Act and condominium statutes govern HOA assessments and enforcement,https://code.wvlegislature.gov/36-5/,Unverified — manual legal review,High — shared expansion sentences plus identical section order,"Appalachian hillside drainage, coal-country humidity, and steep-lot communities throughout the Mountain State","Source URLs present; Statute objects have citation text only, not section URLs; Profile hasStatutoryHearingRight is false; No notice hook",Yes,"Mixed: generate a West Virginia HOA fine appeal letter, and understand West Virginia association rules",REWRITE,Low
Wisconsin,https://www.myhoaappeal.com/appeal-hoa-fine/wisconsin,Wisconsin Condominium Act. SEO blurb: Wisconsin Condominium Act (Wis. Stat. Chapter 703) regulates HOA fines and owner dispute procedures,https://docs.legis.wisconsin.gov/statutes/statutes/703,Unverified — manual legal review,High — shared expansion sentences plus identical section order,"lake country seasonal use, dock permitting on glacial lakes, and freeze-thaw maintenance across Wisconsin subdivisions","Source URLs present; Statute objects have citation text only, not section URLs; Profile hasStatutoryHearingRight is false; No notice hook",Yes,"Mixed: generate a Wisconsin HOA fine appeal letter, and understand Wisconsin association rules",REWRITE,Low
Wyoming,https://www.myhoaappeal.com/appeal-hoa-fine/wyoming,"Wyoming Unit Ownership Act. SEO blurb: Wyoming Unit Ownership Act (Wyo. Stat. Title 34, Chapter 20) governs common interest community fines and procedures",https://wyoleg.gov/statutes/compress/title34.pdf,Unverified — manual legal review,High — shared expansion sentences plus identical section order,"high-plains wind exposure, ranch boundary fences, and low-density common interest communities across Wyoming","Source URLs present; Statute objects have citation text only, not section URLs; Profile hasStatutoryHearingRight is false; No notice hook",Yes,"Mixed: generate a Wyoming HOA fine appeal letter, and understand Wyoming association rules",REWRITE,Low
